{
	"partitions" : [
		{
			"name" : "Top",
			"pins" : [
				{
					"name" : "current_floor[0]",
					"strict" : false
				},
				{
					"name" : "current_floor[1]",
					"strict" : false
				},
				{
					"name" : "current_floor[2]",
					"strict" : false
				},
				{
					"name" : "current_floor[3]",
					"strict" : false
				},
				{
					"name" : "current_floor[4]",
					"strict" : false
				},
				{
					"name" : "current_floor[5]",
					"strict" : false
				},
				{
					"name" : "current_floor[6]",
					"strict" : false
				},
				{
					"name" : "up_indicator",
					"strict" : false
				},
				{
					"name" : "down_indicator",
					"strict" : false
				},
				{
					"name" : "door_open",
					"strict" : false
				},
				{
					"name" : "clk",
					"strict" : false
				},
				{
					"name" : "rst",
					"strict" : false
				},
				{
					"name" : "elevator_buttons[0]",
					"strict" : false
				},
				{
					"name" : "elevator_buttons[1]",
					"strict" : false
				},
				{
					"name" : "elevator_buttons[2]",
					"strict" : false
				},
				{
					"name" : "elevator_buttons[3]",
					"strict" : false
				}
			]
		}
	]
}